[
  {
    "name": "无线电-adv_sign",
    "cmd": "./dfu-nand-extra.sh ./diskimages/adv_sign.squashfs"
  },
  {
    "name": "无线电-gatt_safe_box",
    "cmd": "./dfu-nand-extra.sh ./diskimages/gatt_safe_box.squashfs"
  },
  {
    "name": "无线电-l2cap_matryoshka",
    "cmd": "./dfu-nand-extra.sh ./diskimages/l2cap_matryoshka.squashfs"
  },
  {
    "name": "WEB-版本更新",
    "cmd": "./dfu-nand-extra.sh ./diskimages/web1.squashfs"
  },
  {
    "name": "WEB-伪造登录",
    "cmd": "./dfu-nand-extra.sh ./diskimages/web2.squashfs"
  },
  {
    "name": "WEB-后门账号",
    "cmd": "./dfu-nand-extra.sh ./diskimages/web3.squashfs"
  },
  {
    "name":"PWN-babyboa",
    "cmd":"./dfu-nand-extra.sh ./diskimages/pwn1.squashfs"
  },
{
    "name":"PWN-messageBox",
    "cmd":"./dfu-nand-extra.sh ./diskimages/pwn2.squashfs"
  },
{
    "name":"PWN-ezArmpwn",
    "cmd":"./dfu-nand-extra.sh ./diskimages/pwn3.squashfs"
  },
{
    "name":"PWN-babyboa_debug",
    "cmd":"./dfu-nand-extra.sh ./diskimages/pwn1_debug.squashfs"
  },
{
    "name":"PWN-ezArmpwn_debug",
    "cmd":"./dfu-nand-extra.sh ./diskimages/pwn3_debug.squashfs"
  }

]
